<?xml version="1.0" encoding="UTF-8"?>
<project-private xmlns="http://www.netbeans.org/ns/project-private/1">
    <editor-bookmarks xmlns="http://www.netbeans.org/ns/editor-bookmarks/2" lastBookmarkId="0"/>
    <open-files xmlns="http://www.netbeans.org/ns/projectui-open-files/2">
        <group>
            <file>file:/D:/Computer%20Science%20Code&amp;Homework/SemesterThree/Programming-Patterns/Labs/Lab2/Lab2/src/lab2/Student.java</file>
            <file>file:/D:/Computer%20Science%20Code&amp;Homework/SemesterThree/Programming-Patterns/Labs/Lab2/Lab2/src/lab2/Driver.java</file>
        </group>
    </open-files>
</project-private>
