<?xml version="1.0" encoding="UTF-8"?>
<project-private xmlns="http://www.netbeans.org/ns/project-private/1">
    <editor-bookmarks xmlns="http://www.netbeans.org/ns/editor-bookmarks/2" lastBookmarkId="0"/>
    <open-files xmlns="http://www.netbeans.org/ns/projectui-open-files/2">
        <group>
            <file>file:/D:/Computer%20Science%20Code&amp;Homework/SemesterThree/Programming-Patterns/Assignments/Assignment1/AssignmentOne/src/assignmentone/TaxableBus.java</file>
            <file>file:/D:/Computer%20Science%20Code&amp;Homework/SemesterThree/Programming-Patterns/Assignments/Assignment1/AssignmentOne/src/assignmentone/Point.java</file>
            <file>file:/D:/Computer%20Science%20Code&amp;Homework/SemesterThree/Programming-Patterns/Assignments/Assignment1/AssignmentOne/src/assignmentone/Bus.java</file>
            <file>file:/D:/Computer%20Science%20Code&amp;Homework/SemesterThree/Programming-Patterns/Assignments/Assignment1/AssignmentOne/src/assignmentone/Driver.java</file>
            <file>file:/D:/Computer%20Science%20Code&amp;Homework/SemesterThree/Programming-Patterns/Assignments/Assignment1/AssignmentOne/src/assignmentone/FixedProperty.java</file>
            <file>file:/D:/Computer%20Science%20Code&amp;Homework/SemesterThree/Programming-Patterns/Assignments/Assignment1/AssignmentOne/src/assignmentone/TaxableHouse.java</file>
            <file>file:/D:/Computer%20Science%20Code&amp;Homework/SemesterThree/Programming-Patterns/Assignments/Assignment1/AssignmentOne/src/assignmentone/ComparatorPoints.java</file>
            <file>file:/D:/Computer%20Science%20Code&amp;Homework/SemesterThree/Programming-Patterns/Assignments/Assignment1/AssignmentOne/src/assignmentone/House.java</file>
            <file>file:/D:/Computer%20Science%20Code&amp;Homework/SemesterThree/Programming-Patterns/Assignments/Assignment1/AssignmentOne/src/assignmentone/Vehicle.java</file>
            <file>file:/D:/Computer%20Science%20Code&amp;Homework/SemesterThree/Programming-Patterns/Assignments/Assignment1/AssignmentOne/src/assignmentone/Taxable.java</file>
        </group>
    </open-files>
</project-private>
